ID;IDREC;Work Item Type;Title;State;Team;Module;Nature;Priority;Analysis Delay;Analysis Time Projet;Fonctional Development;Fonctional Development Time Projet 2;Technocal Development;Technical Development Time Projet;Test Delay;Test Time Projet
1;1;Feature;Anomalie BPF non disponibe;New;Développement;Gestion de la vente;Bug;1;1;;0;;1;;0;
6;45;Feature;Lors de la réalisation d'une opportunité le contrat word est génére;New;Développement;Gestion de la vente;Bug;1;0.5;;0;;0;;0;
7;47;Feature;Lors de la qualification d'un appel en NRP il ya un envoi automatique d'un email d'info au contact;New;Fonctionnel;Call center;Bug;1;0.2;;0.5;;0;;0.1;
8;48;Feature;"vue VS-CONTACT VENTE MH, bouton ""Nouveau Acquerreur opportunité""' ne fonctionne pas";New;Fonctionnel;Gestion de la vente;Bug;1;1;;0;;0;;0;
12;58;Feature;Nettoyage des écrans et des entités;New;Fonctionnel;Paramétrage;Bug;2;1;;0;;0;;0;
13;62;Feature;[MOUVEMENTS] Dans l'entité reprise rajouter un champs prix d'achat;New;Développement;Gestion des résidents;Bug;2;0;;0.5;;0;;0;
18;74;Feature;Mettre valeur possible dans remise pas seulement %;New;Fonctionnel;Gestion de la vente;Bug;1;0.5;;2;;0;;0.2;
19;82;Feature;Passer en revue et donner mêmes droits d'accès aux utilisateurs;New;Fonctionnel;Tous les modules;Bug;1;1;;0;;0;;0;
22;92;Feature;Remonté automatique des infos clients;New;Fonctionnel;Tous les modules;Bug;2;0.5;;0;;2;;0;
24;114;Feature;"Le contenu de l'onglet ""analyse commerciale"" reste modifiable";New;Fonctionnel;Gestion de la vente;Bug;2;1;;0;;0;;0;
25;117;Feature;Lors de l'ajout d'un produit existant sur une piéce de vente le prix et la TVA ne sont pas récupéré;New;Fonctionnel;Gestion de la vente;Bug;1;1;;0;;0;;0;
36;168;Feature;Le formulaire de création d'une demande depuis le CRM  n'est pas fonctionelle;New;Fonctionnel;Tous les modules;Bug;2;1;;0;;0;;0;
40;186;Feature;Statut du MGL terminé BPF ok mais statut reste en cours;New;Fonctionnel;Gestion des campings;Bug;2;0.5;;0;;0.5;;0;
50;232;Feature;Le champs type de PDV affiche le code du type et non le libéle;New;Fonctionnel;Gestion de la vente;Bug;1;0.5;;0;;0;;0.25;
63;291;Feature;Régler le fait que à la création d'un courrier électronique, le destinataire n'est pas automatiquement rempli;New;Fonctionnel;Tous les modules;Bug;1;0.2;;0;;0.5;;0.2;
64;295;Feature;Faire la même chose que la ligne ID 74, mais sur la table ligne d'opportunité;New;Fonctionnel;Gestion de la vente;Bug;1;0.5;;2;;0;;0.2;
65;296;Feature;formule optimum 6 et optimum 8 ne sont pas remplis;New;Fonctionnel;Gestion de la vente;Bug;1;0.2;;0;;0.5;;0.2;
75;178;Feature;SERVICES PAYANT sur sous location directe type état des lieux;New;Développement;Gestion des résidents;Bug;2;1;;;;1;;;
